{
  "notes":"10000000主代码第一位为标志位通常为1，二三位为专业号代码，最后两位为学院或系号代码，其他位等待定义",
  "10000000": {
    "10000001": "计算机软件工程学院",
    "10000002": "机械与电气工程学院",
    "10000003": "商学院",
    "10000004": "艺术学院",
    "10000005": "外国语与法学院",
    "10000006": "理学院",
    "10000007": "文学院",
    "10000008": "传媒学院"
  },
  "10000001": {
  	"10100001": "网络工程",
    "10200001": "软件工程",
    "10300001": "通信工程",
    "10400001": "电子与计算机工程",
    "10500001": "计算机科学与技术",
    "10600001": "信息安全",
    "10700001": "物联网工程",
    "10800001": "光电信息科学与工程"
  },
  "10000002": {
  	"10100002": "机械工程",
    "10200002": "机械设计制造及其自动化",
    "10300002": "机械电子工程",
    "10400002": "工业设计",
    "10500002": "过程装备与控制工程",
    "10600002": "车辆工程",
    "10700002": "电气工程及其自动化",
    "10800002": "工程力学"
  },
  "10000003": {
  	"10100003": "经济学",
    "10200003": "金融学",
    "10300003": "国民经济管理",
    "10400003": "资源与环境经济学",
    "10500003": "商务经济学",
    "10600003": "经济与金融",
    "10700003": "贸易经济",
    "10800003": "金融数学"
  },
  "10000004": {
  	"10100004": "艺术史论",
    "10200004": "戏剧学",
    "10300004": "音乐学",
    "10400004": "戏剧影视文学",
    "10500004": "电影学",
    "10600004": "舞蹈学",
    "10700004": "美术学",
    "10800004": "雕塑",
    "10900004": "影视表演"
  },
  "10000005": {
  	"10100005": "法学",
    "10200005": "政治学与行政学",
    "10300005": "外交学",
    "10400005": "社会学",
    "10500005": "侦查学",
    "10600005": "翻译学",
    "10700005": "国际交运（商务）英语",
    "10800005": "语言与文化",
    "10900005": "日韩等小语种"
  },
  "10000006": {
  	"10100006": "数学与应用数学",
    "10200006": "物理学",
    "10300006": "统计学",
    "10400006": "天文学",
    "10500006": "地理信息科学",
    "10600006": "海洋科学",
    "10700006": "生物技术",
    "10800006": "心理学",
    "10900006": "化学",
    "11000006": "大气科学",
    "11100006": "地质学"
  },
  "10000007": {
  	"10100007": "汉语言文学",
    "10200007": "古典文献学",
    "10300007": "哲学",
    "10400007": "人文教育",
    "10500007": "学前教育",
    "10600007": "历史学",
    "10700007": "考古学",
    "10800007": "文物与博物馆学",
    "10900007": "宗教学"
  },
  "10000008": {
  	"10100008": "新闻学",
    "10200008": "广播电视学",
    "10300008": "广告学",
    "10400008": "播音与主持艺术",
    "10500008": "动画",
    "10600008": "视觉传达设计",
    "10700008": "数字媒体艺术",
    "10800008": "戏剧影视导演",
    "10900008": "摄影"
  }
 }