<?xml version="1.0" encoding="UTF-8"?>
<faceted-project>
  <runtime name="com.genuitec.runtime.generic.jee70"/>
  <secondary-runtime name="com.genuitec.embedded.tomcat.runtime.v85"/>
  <fixed facet="java"/>
  <fixed facet="wst.jsdt.web"/>
  <fixed facet="jst.web"/>
  <installed facet="java" version="1.8"/>
  <installed facet="jst.web" version="3.1"/>
  <installed facet="jst.web.jstl" version="1.2.4"/>
  <installed facet="maven" version="1.0"/>
  <installed facet="wst.jsdt.web" version="1.0"/>
  <installed facet="jst.jaxrs" version="2.0"/>
</faceted-project>
